<?xml version="1.0" encoding="UTF-8" ?>
<!DOCTYPE mapper
        PUBLIC "-//mybatis.org//DTD Mapper 3.0//EN"
        "http://mybatis.org/dtd/mybatis-3-mapper.dtd">
<mapper namespace="com.sdut.mapper.ApplyMapper">

    <!--sql语句-->
    <!--    id为执行方法名  parameterType为配置的包别名-->
    <resultMap id="applyMap" type="Apply">
        <id property="id" column="id"></id>
        <id property="pid" column="pid"></id>
        <result property="name" column="name"></result>
        <result property="nick" column="nick"></result>
        <result property="address" column="address"></result>
        <result property="phone" column="phone"></result>
        <result property="reason" column="reason"></result>
        <result property="pic" column="pic"></result>
        <result property="time" column="time"></result>
        <result property="type2" column="type2"></result>
        <result property="astatus" column="astatus"></result>
    </resultMap>
    <select id="queryAllList" parameterType="apply" resultMap="applyMap">
--         select lf_user.name,lf_user.phone,lf_user.address,lf_pets.*,lf_pets.id as pid,lf_apply.*
--         from (lf_apply LEFT JOIN lf_user on lf_apply.uid = lf_user.id)
--         left join lf_pets on lf_apply.pid = lf_pets.id
        select lf_user.name,lf_user.phone,lf_user.address,lf_pets.pic,lf_pets.status,lf_pets.type2,lf_pets.nick,lf_apply.*
        from (lf_apply LEFT JOIN lf_user on lf_apply.uid = lf_user.id)
        left join lf_pets on lf_apply.pid = lf_pets.id
        <where>
            <if test="astatus !=null">
                and lf_apply.astatus=#{astatus}
            </if>
        </where>
    </select>

    <update id = "updateApply" parameterType="apply">
        update lf_apply set astatus=#{astatus},reason = #{reason} where id =#{id}
    </update>

    <delete id="deleteApply">
        delete from lf_apply where id = #{id}
    </delete>

    <insert id="addApply" parameterType="apply">
        insert into lf_apply (pid,uid,astatus,reason,time) values(#{pid},#{uid},0,#{reason},#{time})
    </insert>

    <select id="queryByStatus" parameterType="Integer" resultType="apply">
     select * from lf_apply where astatus =#{astatus}
    </select>
    <select id="queryByUser" parameterType="apply" resultMap="applyMap">
        select lf_user.name,lf_user.phone,lf_user.address,lf_pets.pic,lf_pets.status,lf_pets.type2,lf_pets.nick,lf_apply.*
        from (lf_apply LEFT JOIN lf_user on lf_apply.uid = lf_user.id)
        left join lf_pets on lf_apply.pid = lf_pets.id
        <where>
            <if test="astatus !=null">
                and lf_apply.astatus=#{astatus}
            </if>
            <if test="name !=null">
                and lf_user.name =#{name}
            </if>
        </where>
    </select>

</mapper>