<?xml version="1.0" encoding="UTF-8" ?>
<!DOCTYPE mapper
        PUBLIC "-//mybatis.org//DTD Mapper 3.0//EN"
        "http://mybatis.org/dtd/mybatis-3-mapper.dtd">
<mapper namespace="com.sdut.mapper.CommentMapper">

    <!--sql语句-->
    <!--    id为执行方法名  parameterType为配置的包别名-->
    <resultMap id="commentMap" type="Comment">
        <id property="id" column="id"></id>
        <result property="itemId" column="item_Id"></result>
        <result property="parentId" column="parent_Id"></result>
        <result property="userId" column="user_Id"></result>
        <result property="content" column="content"></result>
        <result property="time" column="time"></result>
        <result property="uname" column="uname"></result>
        <result property="gname" column="gname"></result>
        <result property="target" column="target"></result>
        <result property="rate" column="rate"></result>
        <result property="pic" column="pic"></result>
    </resultMap>
    <select id="queryAllList" parameterType="comment" resultMap="commentMap">
        select * from lf_comment
        order by time
    </select>
    <select id="listByItem" parameterType="String" resultMap="commentMap">
        select lf_comment.*,lf_user.pic,lf_user.name as uname
        from (lf_comment LEFT JOIN lf_user on lf_user.id = lf_comment.user_id)
        left join lf_goods on lf_goods.gid = lf_comment.item_id where lf_comment.gname = #{gname}
        order by time
    </select>

    <delete id="deleteComment">
        delete from lf_comment where id = #{id}
    </delete>

    <insert id="addComment" parameterType="comment">
        insert into lf_comment (parent_Id,item_Id,user_Id,content,time,rate,target,gname) values(#{parentId},#{itemId},#{userId},#{content},#{time},#{rate},#{target},#{gname})
    </insert>


</mapper>