<?xml version="1.0" encoding="UTF-8" ?>
<!DOCTYPE mapper
        PUBLIC "-//mybatis.org//DTD Mapper 3.0//EN"
        "http://mybatis.org/dtd/mybatis-3-mapper.dtd">
<mapper namespace="com.sdut.mapper.GoodsMapper">

    <!--sql语句-->
    <!--    id为执行方法名  parameterType为配置的包别名-->
    <resultMap id="goodsMap" type="Goods">
        <id property="gid" column="gid"></id>
        <result property="gname" column="gname"></result>
        <result property="pic" column="pic"></result>
        <result property="content" column="content"></result>
        <result property="restnum" column="restnum"></result>
        <result property="price" column="price"></result>
        <collection property="commentList" select="queryAllCommentByGid" column="{gid=gid}"></collection>
    </resultMap>
    <resultMap id="commentMap" type="comment">
        <id property="id" column="id"></id>
        <result property="item_id" column="itemId"></result>
        <result property="user_id" column="userId"></result>
        <result property="content" column="content"></result>
        <result property="time" column="time"></result>
    </resultMap>
    <select id="queryAllList" parameterType="goods" resultMap="goodsMap">
        select gid,gname,pic,restnum,price,content from lf_goods
        <where>
            <if test="gname !=null and gname != ''">
                and gname like concat('%',#{gname},'%')
            </if>
        </where>
        group by price
    </select>
    <select id="list" parameterType="goods" resultMap="goodsMap">
        select gid,gname,pic,restnum,price,content from lf_goods
        <where>
            <if test="gname !=null and gname != ''">
                and gname like concat('%',#{gname},'%')
            </if>
        </where>
        group by price
    </select>
    <update id = "updateGoodsCover" parameterType="goods">
        update lf_goods set pic=#{pic} where gid =#{gid}
    </update>
    <update id = "updateGoods" parameterType="goods">
        update lf_goods set gname=#{gname},pic=#{pic},content=#{content},restnum=#{restnum} where gid =#{gid}
    </update>

    <delete id="deleteGoods">
        delete from lf_goods where gid = #{gid}
    </delete>

    <insert id="addGoods" parameterType="goods">
        insert into lf_goods (gname,content,pic,price,restnum) values(#{gname},#{content},#{pic},#{price},#{restnum})
    </insert>

    <select id="queryByGname" parameterType="string" resultType="goods">
     select * from lf_goods where gname =#{gname}
    </select>


    <select id="queryById" parameterType="Integer" resultType="goods">
     select * from lf_goods where gid =#{gid}
    </select>


    <select id="queryAllCommentByGid" resultMap="commentMap">
        SELECT
            lc.content,lg.gid,lc.time,lg.gname
        FROM lf_goods AS lg
        RIGHT JOIN lf_comment AS lc ON  lc.item_id = lg.gid
        <where>
            <if test="gid !=null">
                and lg.gid= #{gid}
            </if>
        </where>

    </select>
</mapper>