<?xml version="1.0" encoding="UTF-8" ?>
<!DOCTYPE mapper
        PUBLIC "-//mybatis.org//DTD Mapper 3.0//EN"
        "http://mybatis.org/dtd/mybatis-3-mapper.dtd">
<mapper namespace="com.sdut.mapper.ImpartsMapper">

    <!--sql语句-->
    <!--    id为执行方法名  parameterType为配置的包别名-->
    <resultMap id="impartsMap" type="Imparts">
        <id property="id" column="id"></id>
        <result property="admin" column="admin"></result>
        <result property="itime" column="itime"></result>
        <result property="open" column="open"></result>
        <result property="content" column="content"></result>
    </resultMap>
    <select id="queryAllList" parameterType="imparts" resultMap="impartsMap">
        select * from lf_imparts
        <where>
            <if test="content !=null and content != ''">
                and content like concat('%',#{content},'%')
            </if>
        </where>
        order by itime desc
    </select>
    <update id = "updateImparts" parameterType="imparts">
        update lf_imparts set admin=#{admin},itime=#{itime},content=#{content},open=#{open} where id =#{id}
    </update>

    <delete id="deleteImparts">
        delete from lf_imparts where id = #{id}
    </delete>

    <insert id="addImparts" parameterType="imparts">
        insert into lf_imparts (admin,itime,content,open) values(#{admin},#{itime},#{content},1)
    </insert>

    <select id="queryById" parameterType="Integer" resultType="imparts">
     select * from lf_imparts where id =#{id}
    </select>

</mapper>