<?xml version="1.0" encoding="UTF-8" ?>
<!DOCTYPE mapper
        PUBLIC "-//mybatis.org//DTD Mapper 3.0//EN"
        "http://mybatis.org/dtd/mybatis-3-mapper.dtd">
<mapper namespace="com.sdut.mapper.ImSingleMapper">

    <!--sql语句-->
    <!--    id为执行方法名  parameterType为配置的包别名-->

    <update id = "updateByPrimaryKey" parameterType="imsingle">
        update lf_imsingle set readed=1 where id =#{id}
    </update>

    <delete id="findByUsername">
        delete from lf_imsingle where fromUser = #{fromUser} and toUser = #{toUser}
    </delete>

    <insert id="insertSelective" parameterType="imsingle">
        insert into lf_imsingle (content,fromuser,fromavatar,touser,toavatar,time,type,readed) values(#{content},#{fromuser},#{fromavatar},#{touser},#{toavatar},#{time},#{type},0)
    </insert>

    <select id="findUnReadNums" parameterType="Integer" resultType="imsingle">
     select * from lf_imsingle where toUsername =#{toUsername} and readed=0
    </select>

</mapper>