<?xml version="1.0" encoding="UTF-8" ?>
<!DOCTYPE mapper
        PUBLIC "-//mybatis.org//DTD Mapper 3.0//EN"
        "http://mybatis.org/dtd/mybatis-3-mapper.dtd">
<mapper namespace="com.sdut.mapper.LikeMapper">

    <!--sql语句-->
    <!--    id为执行方法名  parameterType为配置的包别名-->
    <resultMap id="likeMap" type="like">
        <id property="lid" column="lid"></id>
        <result property="pid" column="pid"></result>
        <result property="uid" column="uid"></result>
        <result property="rate" column="rate"></result>
        <result property="nick" column="nick"></result>
        <result property="sex" column="sex"></result>
        <result property="pic" column="pic"></result>
        <result property="content" column="content"></result>
        <result property="age" column="age"></result>
        <result property="type1" column="type1"></result>
        <result property="type2" column="type2"></result>
        <result property="status" column="status"></result>
    </resultMap>

    <delete id="deleteLike">
        delete from lf_like where lid = #{lid}
    </delete>
    <update id = "updateRate" parameterType="like">
        update lf_like set rate=#{rate} where lid =#{lid}
    </update>

    <insert id="addLike" parameterType="like">
        insert into lf_like (pid,uid,rate) values(#{pid},#{uid},#{rate})
    </insert>

    <select id="queryByUser" parameterType="like" resultMap="likeMap">
        SELECT DISTINCT
lf_like.*,lf_pets.* from(lf_like LEFT JOIN lf_pets on lf_pets.id=lf_like.pid)
left JOIN lf_user ON lf_like.pid where lf_like.uid=#{uid}
    </select>


</mapper>