<?xml version="1.0" encoding="UTF-8" ?>
<!DOCTYPE mapper
        PUBLIC "-//mybatis.org//DTD Mapper 3.0//EN"
        "http://mybatis.org/dtd/mybatis-3-mapper.dtd">
<mapper namespace="com.sdut.mapper.LogsMapper">

    <!--sql语句-->
    <!--    id为执行方法名  parameterType为配置的包别名-->
    <resultMap id="logsMap" type="Logs">
        <id property="id" column="id"></id>
        <result property="username" column="username"></result>
        <result property="type" column="type"></result>
        <result property="time" column="time"></result>
        <result property="ip" column="ip"></result>
    </resultMap>

    <select id="queryAllList" parameterType="logs" resultMap="logsMap">
        select * from lf_log
        <where>
            <if test="type !=null and type != ''">
                and type like concat('%',#{type},'%')
            </if>
        </where>
        order by time desc
    </select>
    <select id="list" parameterType="logs" resultMap="logsMap">
        select * lf_log
        <where>
            <if test="type !=null and type != ''">
                and type like concat('%',#{type},'%')
            </if>
        </where>
        group by price
    </select>

    <delete id="deleteLogs">
        delete from lf_log where id = #{id}
    </delete>

    <insert id="addLogs" parameterType="logs">
        insert into lf_log (username,time,type,ip) values(#{username},#{time},#{type},#{ip})
    </insert>

    <select id="queryById" parameterType="Integer" resultType="logs">
     select * from lf_log where id =#{id}
    </select>

</mapper>