<?xml version="1.0" encoding="UTF-8" ?>
<!DOCTYPE mapper
        PUBLIC "-//mybatis.org//DTD Mapper 3.0//EN"
        "http://mybatis.org/dtd/mybatis-3-mapper.dtd">
<mapper namespace="com.sdut.mapper.NewsMapper">

    <!--sql语句-->
    <!--    id为执行方法名  parameterType为配置的包别名-->
    <resultMap id="newsMap" type="News">
        <id property="id" column="id"></id>
        <result property="biaoti" column="biaoti"></result>
        <result property="ntime" column="ntime"></result>
        <result property="content" column="content"></result>
    </resultMap>
    <select id="queryAllList" parameterType="news" resultMap="newsMap">
        select id,ntime,biaoti,content from lf_news
        <where>
            <if test="biaoti !=null and biaoti != ''">
                and biaoti like concat('%',#{biaoti},'%')
            </if>
        </where>
        order by ntime desc
    </select>

    <update id = "updateNews" parameterType="news">
        update lf_news set biaoti=#{biaoti},ntime=#{ntime},content=#{content} where id =#{id}
    </update>

    <delete id="deleteNews">
        delete from lf_news where id = #{id}
    </delete>

    <insert id="addNews" parameterType="news">
        insert into lf_news (biaoti,ntime,content) values(#{biaoti},#{ntime},#{content})
    </insert>

    <select id="queryById" parameterType="Integer" resultType="news">
     select * from lf_news where id =#{id}
    </select>

</mapper>