<?xml version="1.0" encoding="UTF-8" ?>
<!DOCTYPE mapper
        PUBLIC "-//mybatis.org//DTD Mapper 3.0//EN"
        "http://mybatis.org/dtd/mybatis-3-mapper.dtd">
<mapper namespace="com.sdut.mapper.OrdersMapper">

    <!--sql语句-->
    <!--    id为执行方法名  parameterType为配置的包别名-->
    <resultMap id="ordersMap" type="Orders">
        <id property="oid" column="oid"></id>
        <id property="goodsid" column="goodsid"></id>
        <result property="userid" column="userid"></result>
        <result property="num" column="num"></result>
        <result property="pay" column="pay"></result>
        <result property="time1" column="time1"></result>
        <result property="time2" column="time2"></result>
        <result property="time3" column="time3"></result>
        <result property="status" column="status"></result>
        <result property="name" column="name"></result>
        <result property="phone" column="phone"></result>
        <result property="address" column="address"></result>
        <result property="pic" column="pic"></result>
        <result property="gname" column="gname"></result>
    </resultMap>
    <select id="queryAllList" parameterType="orders" resultMap="ordersMap">
        select lf_user.name,lf_user.phone,lf_user.address,
        lf_goods.pic,lf_goods.gname,lf_orders.*
        from (lf_orders LEFT JOIN lf_user on lf_orders.userid = lf_user.id)
        left join lf_goods on lf_orders.goodsid = lf_goods.gid
        <where>
            <if test="gname !=null">
                and lf_goods.gname=#{gname}
            </if>
            <if test="status !=null">
                and lf_orders.status=#{status}
            </if>
        </where>
    </select>

    <update id = "updateOrders" parameterType="orders">
        update lf_orders set status=#{status},time2=#{time2},time3=#{time3} where oid =#{oid}
    </update>

<!--    <update id = "sentGoods" parameterType="orders">-->
<!--        update lf_orders set status= 1 where oid =#{oid}-->
<!--    </update>-->

<!--    <update id = "getGoods" parameterType="orders">-->
<!--        update lf_orders set status= 3 where oid =#{oid}-->
<!--    </update>-->

    <delete id="deleteOrders">
        delete from lf_orders where oid = #{oid}
    </delete>

    <insert id="addOrders" parameterType="orders">
        insert into lf_orders (userid,goodsid,time1,num,pay,status) values(#{userid},#{goodsid},#{time1},#{num},#{pay},0)
    </insert>

    <select id="queryByUser" parameterType="orders" resultMap="ordersMap">
        select lf_user.name,lf_user.phone,lf_user.address,
        lf_goods.pic,lf_goods.gname,lf_orders.*
        from (lf_orders LEFT JOIN lf_user on lf_orders.userid = lf_user.id)
        left join lf_goods on lf_orders.goodsid = lf_goods.gid
        <where>
            <if test="name !=null">
                and lf_user.name =#{name}
            </if>
            <if test="status !=null">
                and lf_orders.status =#{status}
            </if>
        </where>
    </select>

</mapper>