<?xml version="1.0" encoding="UTF-8" ?>
<!DOCTYPE mapper
        PUBLIC "-//mybatis.org//DTD Mapper 3.0//EN"
        "http://mybatis.org/dtd/mybatis-3-mapper.dtd">
<mapper namespace="com.sdut.mapper.PetsMapper">

    <!--sql语句-->
    <!--    id为执行方法名  parameterType为配置的包别名-->
    <resultMap id="petsMap" type="Pets">
        <id property="id" column="id"></id>
        <result property="nick" column="nick"></result>
        <result property="sex" column="sex"></result>
        <result property="pic" column="pic"></result>
        <result property="content" column="content"></result>
        <result property="age" column="age"></result>
        <result property="type1" column="type1"></result>
        <result property="type2" column="type2"></result>
        <result property="status" column="status"></result>
        <result property="num" column="num"></result>
    </resultMap>
    <select id="recommendMost" resultMap="petsMap">
     select lf_pets.* ,count(lf_like.pid) as num from (lf_like right join lf_pets on lf_like.pid = lf_pets.id)
    group by lf_like.pid
    order by count(lf_like.pid) desc
    </select>
    <select id="queryAllList" parameterType="pets" resultMap="petsMap">
        select id,nick,type1,type2,pic,sex,content,age,status from lf_pets
        <where>
            <if test="type2 !=null and type2 != ''">
                and type2 like concat('%',#{type2},'%')
            </if>
            <if test="type1 !=null">
                and type1=#{type1}
            </if>

        </where>
    </select>
    <select id="list" parameterType="pets" resultMap="petsMap">
        select id,nick,type1,type2,pic,sex,content,age,status from lf_pets
        <where>
            <if test="type2 !=null and type2 != ''">
                and type2 like concat('%',#{type2},'%')
            </if>
            <if test="type1 !=null">
                and type1=#{type1}
            </if>
<!--            <if test="id !=null">-->
<!--                and id=#{id}-->
<!--            </if>-->

        </where>
        order by status
    </select>
    <update id = "updatePetsCover" parameterType="pets">
        update lf_pets set pic=#{pic} where id =#{id}
    </update>
    <update id = "updatePets" parameterType="pets">
        update lf_pets set nick=#{nick},pic=#{pic},sex=#{sex},content = #{content},age = #{age},type1 = #{type1},status = #{status},type2 = #{type2} where id =#{id}
    </update>

    <delete id="deletePets">
        delete from lf_pets where id = #{id}
    </delete>

    <insert id="addPets" parameterType="pets">
        insert into lf_pets (nick,age,status,content,sex,type1,type2) values(#{nick},#{age},0,#{content},#{sex},#{type1},#{type2})
    </insert>
    <select id="queryByNick" parameterType="string" resultType="pets">
     select * from lf_pets where nick =#{nick}
    </select>

    <select id="selectById" parameterType="Integer" resultType="pets">
     select * from lf_pets where id =#{id}
    </select>



</mapper>