<?xml version="1.0" encoding="UTF-8" ?>
<!DOCTYPE mapper
        PUBLIC "-//mybatis.org//DTD Mapper 3.0//EN"
        "http://mybatis.org/dtd/mybatis-3-mapper.dtd">
<mapper namespace="com.sdut.mapper.UsersMapper">

    <!--sql语句-->
    <!--    id为执行方法名  parameterType为配置的包别名-->
    <resultMap id="usersMap" type="Users">
        <id property="id" column="id"></id>
        <result property="usersName" column="name"></result>
        <result property="usersPassword" column="password"></result>
        <result property="usersRole" column="role"></result>
        <result property="usersPic" column="pic"></result>
        <result property="sex" column="sex"></result>
        <result property="content" column="content"></result>
        <result property="age" column="age"></result>
        <result property="email" column="email"></result>
        <result property="phone" column="phone"></result>
        <result property="address" column="address"></result>
        <result property="status" column="status"></result>
        <collection property="commentList" select="queryAllCommentByUserID" column="{userId=id}"></collection>
    </resultMap>
    <resultMap id="commentMap" type="comment">
        <id property="id" column="id"></id>
        <result property="item_id" column="itemId"></result>
        <result property="user_id" column="userId"></result>
        <result property="content" column="content"></result>
        <result property="time" column="time"></result>
    </resultMap>
    <resultMap id="likeMap" type="like">
        <id property="lid" column="lid"></id>
        <result property="pid" column="pid"></result>
        <result property="user_id" column="userId"></result>
        <result property="rate" column="rate"></result>
    </resultMap>
    <select id="queryAllList" parameterType="users" resultMap="usersMap">
        select id,name,password,role,pic,sex,content,age,
        email,phone,status,address from lf_user
        <where>
            <if test="usersName !=null and usersName != ''">
                and name like concat('%',#{usersName},'%')
            </if>
            <if test="usersRole !=null">
                and role=#{usersRole}
            </if>

        </where>
    </select>
    <update id = "updateUsersCover" parameterType="users">
        update lf_user set pic=#{usersPic} where id =#{id}
    </update>
    <update id = "updateUsers" parameterType="users">
        update lf_user set name=#{usersName},role=#{usersRole},pic=#{usersPic},sex=#{sex},content = #{content},age = #{age},email = #{email},phone = #{phone},status = #{status},address = #{address} where id =#{id}
    </update>
    <update id = "updatePassword" parameterType="users">
        update lf_user set password=MD5(#{usersPassword})where id =#{id}
    </update>
    <update id = "resetPassword" parameterType="users">
        update lf_user set password=MD5(123456)where email =#{email}
    </update>

    <delete id="deleteUsers">
        delete from lf_user where id = #{id}
    </delete>

    <select id="queryAllCommentByUserID" resultMap="commentMap">
        SELECT DISTINCT
            lc.content,
            lc.time
        FROM lf_user AS u
        JOIN lf_comment AS lc ON lc.user_id = #{userId}
    </select>

    <select id="queryAllLikeByUserID" resultMap="likeMap">
        SELECT DISTINCT
lf_like.* from(lf_like LEFT JOIN lf_pets on lf_pets.id=lf_like.pid)
left JOIN lf_user ON lf_user.id = #{userId}
    </select>


    <insert id="addUsers" parameterType="users">
        insert into lf_user (name,password,email,role,status,content,address,phone) values(#{usersName},md5(#{usersPassword}),#{email},#{usersRole},1,"无","未知","未知")
    </insert>
    <select id="queryByUserName" parameterType="string" resultType="users">
     select id,status,name usersName,password usersPassword,sex,role usersRole,pic usersPic,age,email,address,phone,content from lf_user where name =#{param1}
    </select>

    <select id="findById" parameterType="int" resultType="users">
     select * from lf_user where id = #{id}
    </select>


</mapper>