<?xml version="1.0" encoding="UTF-8" ?>
<!DOCTYPE mapper
        PUBLIC "-//mybatis.org//DTD Mapper 3.0//EN"
        "http://mybatis.org/dtd/mybatis-3-mapper.dtd">
<mapper namespace="com.sdut.mapper.UserMapper">
<!--    <select id="login" parameterType="string" resultType="user">-->
<!--        select id,name as userName,password,pic as userPic,sex,content,age,role,email,phone,status from lf_user where name =#{name}-->
<!--    </select>-->
    <select id="login" parameterType="string" resultType="users">
        select id,name usersName,password usersPassword,email,role usersRole,sex,email,age,status,content,address,phone,pic usersPic from lf_user where name =#{usersName}
    </select>

<!--    <select id="queryUserByUserName" parameterType="string" resultType="user">-->
<!--     select user_name as userName,password from uni_user where user_name =#{param1}-->
<!--    </select>-->

    <select id="queryUserByUserName" parameterType="string" resultType="users">
     select name usersName,status,password usersPassword from lf_user where name =#{param1}
    </select>
<!--<insert id="register" parameterType="user">-->
<!--<selectKey keyProperty="id" resultType="int" order="AFTER">-->
<!--    select last_insert_id()-->
<!--</selectKey>-->
<!--    insert into uni_user (user_name,password,email,user_pic,status) values(#{userName},md5(#{password}),#{email},#{userPic},2)-->
<!--</insert>-->

    <insert id="register" parameterType="users">
        <selectKey keyProperty="id" resultType="int" order="AFTER">
            select last_insert_id()
        </selectKey>
        insert into lf_user (name,password,email,role,status,address,content,pic) values(#{usersName},md5(#{usersPassword}),#{email},1,1,"未知","无",#{usersPic})
    </insert>
</mapper>